policy,pattern,alpha,run,n_total,n_ok,success_pct,mean_ms,p50_ms,p95_ms,p99_ms,min_ms,max_ms,throughput_reqps
rr,burst,,1,480,480,100.0,68.483,51.899,81.018,91.373,48.088,1079.775,48.176
rr,burst,,2,480,480,100.0,68.622,51.992,80.179,88.860,48.086,1077.617,48.143
rr,burst,,3,480,480,100.0,68.617,52.003,80.094,88.799,48.089,1078.749,48.235
rr,steady,,1,480,480,100.0,63.147,48.146,84.047,95.771,48.095,1078.106,45.207
rr,steady,,2,480,480,100.0,64.689,50.566,84.058,88.042,48.092,1084.346,45.207
rr,steady,,3,480,480,100.0,63.126,48.135,84.048,91.676,48.093,1085.189,45.207
wrr,burst,,1,480,480,100.0,68.222,50.805,80.105,91.244,48.084,1085.803,48.236
wrr,burst,,2,480,480,100.0,68.640,51.984,80.101,89.408,48.098,1084.380,48.250
wrr,burst,,3,480,480,100.0,68.516,51.540,83.581,95.998,48.086,1084.663,48.038
wrr,steady,,1,480,480,100.0,65.152,53.133,84.076,89.237,48.102,1078.579,45.207
wrr,steady,,2,480,480,100.0,64.478,49.380,84.045,86.217,48.095,1081.704,45.208
wrr,steady,,3,480,480,100.0,63.714,48.170,84.044,90.199,48.087,1079.741,45.209
least,burst,,1,480,480,100.0,108.257,120.098,120.145,120.319,48.104,1133.711,31.319
least,burst,,2,480,480,100.0,155.754,160.128,160.152,160.168,48.085,1164.316,24.903
least,burst,,3,480,480,100.0,155.781,160.128,160.161,160.178,48.084,1166.898,24.903
least,steady,,1,480,480,100.0,160.068,160.127,160.172,160.403,48.139,1166.452,24.443
least,steady,,2,480,480,100.0,160.030,160.129,160.162,160.352,48.108,1162.537,24.445
least,steady,,3,480,480,100.0,108.400,120.101,120.145,120.310,48.101,1167.603,31.260
ewma,burst,,1,480,480,100.0,108.315,120.096,120.130,120.313,48.087,1153.982,31.280
ewma,burst,,2,480,480,100.0,71.187,74.183,80.255,89.258,48.087,1116.241,45.196
ewma,burst,,3,480,480,100.0,71.052,74.324,80.129,87.139,48.089,1129.199,45.199
ewma,steady,,1,480,480,100.0,108.374,120.104,120.159,120.350,48.109,1164.444,31.266
ewma,steady,,2,480,480,100.0,70.911,80.049,80.095,80.138,48.104,1089.291,45.466
ewma,steady,,3,480,480,100.0,71.289,78.824,80.102,80.186,48.098,1096.658,45.440
